iso_time,session_jumps,session_best_m,stored_jumps,stored_best_m,trace_bytes,vbat_mv,batt_pct,chg
2026-08-10T22:54:51,1,0.164,8,0.918,2213377,3612,7,1
2026-08-10T22:55:51,1,0.164,8,0.918,2213377,3612,8,1
2026-08-10T22:56:51,1,0.164,8,0.918,2213377,3615,8,1
2026-08-10T22:57:52,1,0.164,8,0.918,2230807,3618,8,1
2026-08-10T22:58:52,1,0.164,8,0.918,2262037,3615,8,1
2026-08-10T22:59:52,1,0.164,8,0.918,2262037,3624,8,1
2026-08-10T23:00:52,1,0.164,8,0.918,2262037,3624,8,1
2026-08-10T23:01:52,1,0.164,8,0.918,2288302,3629,8,1
2026-08-10T23:02:52,1,0.164,8,0.918,2304277,3626,9,1
2026-08-10T23:03:52,1,0.164,8,0.918,2304277,3632,9,1
2026-08-10T23:04:52,1,0.164,8,0.918,2304277,3629,8,1
2026-08-10T23:05:52,1,0.164,8,0.918,2304277,3632,8,1
2026-08-10T23:06:52,1,0.164,8,0.918,2304277,3632,9,1
2026-08-10T23:07:52,1,0.164,8,0.918,2304277,3641,9,1
2026-08-10T23:08:52,1,0.164,8,0.918,2304277,3632,8,1
2026-08-10T23:09:52,1,0.164,8,0.918,2304277,3638,10,1
2026-08-10T23:10:52,1,0.164,8,0.918,2304277,3641,9,1
2026-08-10T23:11:52,1,0.164,8,0.918,2304277,3638,9,1
2026-08-10T23:12:52,1,0.164,8,0.918,2304277,3638,10,1
2026-08-10T23:13:52,1,0.164,8,0.918,2304277,3644,10,1
2026-08-10T23:14:52,1,0.164,8,0.918,2304277,3644,10,1
2026-08-10T23:15:52,1,0.164,8,0.918,2304277,3653,10,1
2026-08-10T23:16:52,1,0.164,8,0.918,2304277,3653,10,1
2026-08-10T23:17:52,1,0.164,8,0.918,2304277,3644,10,1
2026-08-10T23:18:52,1,0.164,8,0.918,2304277,3656,10,1
2026-08-10T23:19:53,1,0.164,8,0.918,2304277,3659,11,1
2026-08-10T23:20:53,1,0.164,8,0.918,2304277,3659,10,1
2026-08-10T23:21:53,1,0.164,8,0.918,2304277,3659,10,1
2026-08-10T23:22:53,1,0.164,8,0.918,2304277,3659,10,1
2026-08-10T23:23:53,1,0.164,8,0.918,2304277,3659,11,1
2026-08-10T23:24:53,1,0.164,8,0.918,2304277,3656,11,1
2026-08-10T23:25:53,1,0.164,8,0.918,2304277,3662,11,1
2026-08-10T23:26:53,1,0.164,8,0.918,2304277,3662,11,1
2026-08-10T23:27:53,1,0.164,8,0.918,2304277,3665,11,1
2026-08-10T23:28:53,1,0.164,8,0.918,2304277,3662,11,1
2026-08-10T23:29:53,1,0.164,8,0.918,2304277,3671,11,1
2026-08-10T23:30:53,1,0.164,8,0.918,2304277,3671,12,1
2026-08-10T23:31:53,1,0.164,8,0.918,2304277,3668,11,1
2026-08-10T23:32:53,1,0.164,8,0.918,2304277,3671,12,1
2026-08-10T23:33:53,1,0.164,8,0.918,2304277,3677,12,1
2026-08-10T23:34:53,1,0.164,8,0.918,2304277,3680,12,1
2026-08-10T23:35:53,1,0.164,8,0.918,2304277,3680,12,1
2026-08-10T23:36:53,1,0.164,8,0.918,2304277,3683,12,1
2026-08-10T23:37:53,1,0.164,8,0.918,2304277,3683,12,1
2026-08-10T23:38:53,1,0.164,8,0.918,2304277,3692,13,1
2026-08-10T23:39:53,1,0.164,8,0.918,2304277,3686,13,1
2026-08-10T23:40:53,1,0.164,8,0.918,2304277,3683,12,1
2026-08-10T23:41:53,1,0.164,8,0.918,2304277,3689,13,1
2026-08-10T23:42:53,1,0.164,8,0.918,2304277,3692,13,1
2026-08-10T23:43:54,1,0.164,8,0.918,2304277,3695,13,1
2026-08-10T23:44:54,1,0.164,8,0.918,2304277,3695,14,1
2026-08-10T23:45:54,1,0.164,8,0.918,2304277,3703,14,1
2026-08-10T23:46:54,1,0.164,8,0.918,2304277,3703,14,1
2026-08-10T23:47:54,1,0.164,8,0.918,2304277,3712,14,1
2026-08-10T23:48:54,1,0.164,8,0.918,2304277,3724,14,1
2026-08-10T23:49:54,1,0.164,8,0.918,2304277,3724,14,1
2026-08-10T23:50:54,1,0.164,8,0.918,2304277,3730,14,1
2026-08-10T23:51:54,1,0.164,8,0.918,2304277,3739,16,1
2026-08-10T23:52:54,1,0.164,8,0.918,2304277,3742,16,1
2026-08-10T23:53:54,1,0.164,8,0.918,2304277,3742,16,1
2026-08-10T23:54:54,1,0.164,8,0.918,2304277,3754,16,1
2026-08-10T23:55:54,1,0.164,8,0.918,2304277,3754,18,1
2026-08-10T23:56:54,1,0.164,8,0.918,2304277,3760,18,1
2026-08-10T23:57:54,1,0.164,8,0.918,2304277,3757,17,1
2026-08-10T23:58:54,1,0.164,8,0.918,2304277,3763,19,1
2026-08-10T23:59:54,1,0.164,8,0.918,2304277,3766,20,1
2026-08-11T00:00:54,1,0.164,8,0.918,2304277,3772,20,1
2026-08-11T00:01:54,1,0.164,8,0.918,2304277,3769,20,1
2026-08-11T00:02:54,1,0.164,8,0.918,2304277,3775,20,1
2026-08-11T00:03:54,1,0.164,8,0.918,2304277,3780,22,1
2026-08-11T00:04:54,1,0.164,8,0.918,2304277,3780,22,1
2026-08-11T00:05:54,1,0.164,8,0.918,2304277,3780,23,1
2026-08-11T00:06:54,1,0.164,8,0.918,2304277,3789,24,1
2026-08-11T00:07:54,1,0.164,8,0.918,2304277,3789,24,1
2026-08-11T00:08:55,1,0.164,8,0.918,2304277,3795,24,1
2026-08-11T00:09:55,1,0.164,8,0.918,2304277,3792,26,1
2026-08-11T00:10:55,1,0.164,8,0.918,2304277,3792,25,1
2026-08-11T00:11:55,1,0.164,8,0.918,2304277,3798,25,1
2026-08-11T00:12:55,1,0.164,8,0.918,2304277,3795,27,1
2026-08-11T00:13:55,1,0.164,8,0.918,2304277,3813,27,1
2026-08-11T00:14:55,1,0.164,8,0.918,2304277,3810,27,1
2026-08-11T00:15:55,1,0.164,8,0.918,2304277,3813,27,1
2026-08-11T00:16:55,1,0.164,8,0.918,2304277,3810,27,1
2026-08-11T00:17:55,1,0.164,8,0.918,2304277,3813,29,1
2026-08-11T00:18:55,1,0.164,8,0.918,2304277,3819,32,1
2026-08-11T00:19:55,1,0.164,8,0.918,2304277,3822,29,1
2026-08-11T00:20:55,1,0.164,8,0.918,2304277,3822,30,1
2026-08-11T00:21:55,1,0.164,8,0.918,2304277,3825,32,1
2026-08-11T00:22:55,1,0.164,8,0.918,2304277,3825,31,1
2026-08-11T00:23:55,1,0.164,8,0.918,2304277,3831,33,1
2026-08-11T00:24:55,1,0.164,8,0.918,2304277,3825,33,1
2026-08-11T00:25:55,1,0.164,8,0.918,2304277,3825,33,1
2026-08-11T00:26:55,1,0.164,8,0.918,2304277,3831,31,1
2026-08-11T00:27:55,1,0.164,8,0.918,2304277,3831,33,1
2026-08-11T00:28:55,1,0.164,8,0.918,2304277,3828,33,1
2026-08-11T00:29:55,1,0.164,8,0.918,2304277,3840,36,1
2026-08-11T00:30:55,1,0.164,8,0.918,2304277,3840,36,1
2026-08-11T00:31:55,1,0.164,8,0.918,2304277,3843,38,1
2026-08-11T00:32:55,1,0.164,8,0.918,2304277,3849,40,1
2026-08-11T00:33:55,1,0.164,8,0.918,2304277,3843,39,1
2026-08-11T00:34:56,1,0.164,8,0.918,2304277,3849,42,1
2026-08-11T00:35:56,1,0.164,8,0.918,2304277,3851,42,1
2026-08-11T00:36:56,1,0.164,8,0.918,2304277,3851,42,1
2026-08-11T00:37:56,1,0.164,8,0.918,2304277,3854,42,1
2026-08-11T00:38:56,1,0.164,8,0.918,2304277,3854,42,1
2026-08-11T00:39:56,1,0.164,8,0.918,2304277,3860,44,1
2026-08-11T00:40:56,1,0.164,8,0.918,2304277,3866,47,1
2026-08-11T00:41:56,1,0.164,8,0.918,2304277,3860,47,1
2026-08-11T00:42:56,1,0.164,8,0.918,2304277,3863,47,1
2026-08-11T00:43:56,1,0.164,8,0.918,2304277,3872,50,1
2026-08-11T00:44:56,1,0.164,8,0.918,2304277,3866,49,1
2026-08-11T00:45:56,1,0.164,8,0.918,2304277,3875,50,1
2026-08-11T00:46:56,1,0.164,8,0.918,2304277,3884,50,1
2026-08-11T00:47:56,1,0.164,8,0.918,2304277,3884,50,1
2026-08-11T00:48:56,1,0.164,8,0.918,2304277,3887,53,1
2026-08-11T00:49:56,1,0.164,8,0.918,2304277,3896,55,1
2026-08-11T00:50:56,1,0.164,8,0.918,2304277,3905,55,1
2026-08-11T00:51:56,1,0.164,8,0.918,2304277,3905,55,1
2026-08-11T00:52:56,1,0.164,8,0.918,2304277,3905,55,1
2026-08-11T00:53:56,1,0.164,8,0.918,2304277,3914,58,1
2026-08-11T00:54:56,1,0.164,8,0.918,2304277,3917,58,1
2026-08-11T00:55:56,1,0.164,8,0.918,2304277,3934,59,1
2026-08-11T00:56:56,1,0.164,8,0.918,2304277,3923,61,1
2026-08-11T00:57:56,1,0.164,8,0.918,2304277,3931,61,1
2026-08-11T00:58:57,1,0.164,8,0.918,2304277,3923,61,1
2026-08-11T00:59:57,1,0.164,8,0.918,2304277,3934,63,1
2026-08-11T01:00:57,1,0.164,8,0.918,2304277,3934,64,1
2026-08-11T01:01:57,1,0.164,8,0.918,2304277,3934,65,1
2026-08-11T01:02:57,1,0.164,8,0.918,2304277,3937,63,1
2026-08-11T01:03:57,1,0.164,8,0.918,2304277,3940,65,1
2026-08-11T01:04:57,1,0.164,8,0.918,2304277,3943,65,1
2026-08-11T01:05:57,1,0.164,8,0.918,2304277,3931,65,1
2026-08-11T01:06:57,1,0.164,8,0.918,2304277,3931,67,1
2026-08-11T01:07:57,1,0.164,8,0.918,2304277,3931,67,1
2026-08-11T01:08:57,1,0.164,8,0.918,2304277,3934,68,1
2026-08-11T01:09:57,1,0.164,8,0.918,2304277,3940,68,1
2026-08-11T01:10:57,1,0.164,8,0.918,2304277,3943,69,1
2026-08-11T01:11:57,1,0.164,8,0.918,2304277,3952,70,1
2026-08-11T01:12:57,1,0.164,8,0.918,2304277,3946,71,1
2026-08-11T01:13:57,1,0.164,8,0.918,2304277,3952,71,1
2026-08-11T01:14:57,1,0.164,8,0.918,2304277,3961,71,1
2026-08-11T01:15:57,1,0.164,8,0.918,2304277,3955,73,1
2026-08-11T01:16:57,1,0.164,8,0.918,2304277,3955,74,1
2026-08-11T01:17:57,1,0.164,8,0.918,2304277,3967,74,1
2026-08-11T01:18:57,1,0.164,8,0.918,2304277,3973,76,1
2026-08-11T01:19:57,1,0.164,8,0.918,2304277,3973,77,1
2026-08-11T01:20:57,1,0.164,8,0.918,2304277,3973,77,1
2026-08-11T01:21:57,1,0.164,8,0.918,2304277,3991,77,1
2026-08-11T01:22:57,1,0.164,8,0.918,2304277,3988,79,1
2026-08-11T01:23:58,1,0.164,8,0.918,2304277,3994,80,1
2026-08-11T01:24:58,1,0.164,8,0.918,2304277,3997,81,1
2026-08-11T01:25:58,1,0.164,8,0.918,2304277,4002,81,1
2026-08-11T01:26:58,1,0.164,8,0.918,2304277,4005,82,1
2026-08-11T01:27:58,1,0.164,8,0.918,2304277,4014,83,1
2026-08-11T01:28:58,1,0.164,8,0.918,2304277,4014,83,1
2026-08-11T01:29:58,1,0.164,8,0.918,2304277,4014,83,1
2026-08-11T01:30:58,1,0.164,8,0.918,2304277,4026,84,1
2026-08-11T01:31:58,1,0.164,8,0.918,2304277,4023,84,1
2026-08-11T01:32:58,1,0.164,8,0.918,2304277,4035,85,1
2026-08-11T01:33:58,1,0.164,8,0.918,2304277,4038,86,1
2026-08-11T01:34:58,1,0.164,8,0.918,2304277,4041,85,1
2026-08-11T01:35:58,1,0.164,8,0.918,2304277,4047,86,1
2026-08-11T01:36:58,1,0.164,8,0.918,2304277,4044,87,1
2026-08-11T01:37:58,1,0.164,8,0.918,2304277,4050,88,1
2026-08-11T01:38:58,1,0.164,8,0.918,2304277,4056,88,1
2026-08-11T01:39:58,1,0.164,8,0.918,2304277,4059,89,1
2026-08-11T01:40:58,1,0.164,8,0.918,2304277,4068,89,1
2026-08-11T01:41:58,1,0.164,8,0.918,2304277,4065,89,1
2026-08-11T01:42:58,1,0.164,8,0.918,2304277,4065,88,1
2026-08-11T01:43:58,1,0.164,8,0.918,2304277,4056,89,1
2026-08-11T01:44:58,1,0.164,8,0.918,2304277,4065,89,1
2026-08-11T01:45:58,1,0.164,8,0.918,2304277,4071,89,1
2026-08-11T01:46:58,1,0.164,8,0.918,2304277,4062,89,1
2026-08-11T01:47:59,1,0.164,8,0.918,2304277,4062,89,1
2026-08-11T01:48:59,1,0.164,8,0.918,2304277,4068,89,1
2026-08-11T01:49:59,1,0.164,8,0.918,2304277,4062,89,1
2026-08-11T01:50:59,1,0.164,8,0.918,2304277,4065,90,1
2026-08-11T01:51:59,1,0.164,8,0.918,2304277,4068,89,1
2026-08-11T01:52:59,1,0.164,8,0.918,2304277,4065,89,1
2026-08-11T01:53:59,1,0.164,8,0.918,2304277,4059,89,1
2026-08-11T01:54:59,1,0.164,8,0.918,2304277,4059,89,1
2026-08-11T01:55:59,1,0.164,8,0.918,2304277,4062,89,1
2026-08-11T01:56:59,1,0.164,8,0.918,2304277,4068,89,1
2026-08-11T01:57:59,1,0.164,8,0.918,2304277,4062,89,1
2026-08-11T01:58:59,1,0.164,8,0.918,2304277,4059,89,1
2026-08-11T01:59:59,1,0.164,8,0.918,2304277,4068,89,1
2026-08-11T02:00:59,1,0.164,8,0.918,2304277,4065,89,1
2026-08-11T02:01:59,1,0.164,8,0.918,2304277,4068,89,1
2026-08-11T02:02:59,1,0.164,8,0.918,2304277,4068,90,1
2026-08-11T02:03:59,1,0.164,8,0.918,2304277,4071,90,1
2026-08-11T02:04:59,1,0.164,8,0.918,2304277,4065,89,1
2026-08-11T02:05:59,1,0.164,8,0.918,2304277,4065,90,1
2026-08-11T02:06:59,1,0.164,8,0.918,2304277,4065,89,1
2026-08-11T02:07:59,1,0.164,8,0.918,2304277,4068,89,1
2026-08-11T02:08:59,1,0.164,8,0.918,2304277,4065,90,1
2026-08-11T02:09:59,1,0.164,8,0.918,2304277,4059,89,1
2026-08-11T02:10:59,1,0.164,8,0.918,2304277,4068,89,1
2026-08-11T02:12:00,1,0.164,8,0.918,2304277,4065,90,1
2026-08-11T02:13:00,1,0.164,8,0.918,2304277,4065,89,1
2026-08-11T02:14:00,1,0.164,8,0.918,2304277,4068,89,1
2026-08-11T02:15:00,1,0.164,8,0.918,2304277,4071,90,1
2026-08-11T02:16:00,1,0.164,8,0.918,2304277,4065,89,1
2026-08-11T02:17:00,1,0.164,8,0.918,2304277,4068,89,1
2026-08-11T02:18:00,1,0.164,8,0.918,2304277,4065,90,1
2026-08-11T02:19:00,1,0.164,8,0.918,2304277,4065,89,1
2026-08-11T02:20:00,1,0.164,8,0.918,2304277,4065,90,1
2026-08-11T02:21:00,1,0.164,8,0.918,2304277,4074,90,1
2026-08-11T02:22:00,1,0.164,8,0.918,2304277,4068,89,1
2026-08-11T02:23:00,1,0.164,8,0.918,2304277,4065,89,0
2026-08-11T02:24:00,1,0.164,8,0.918,2304277,4068,89,0
2026-08-11T02:25:00,1,0.164,8,0.918,2304277,4065,89,0
2026-08-11T02:26:00,1,0.164,8,0.918,2304277,4068,89,0
2026-08-11T02:27:00,1,0.164,8,0.918,2304277,4068,89,0
2026-08-11T02:28:00,1,0.164,8,0.918,2304277,4062,89,0
2026-08-11T02:29:00,1,0.164,8,0.918,2304277,4059,89,0
2026-08-11T02:30:00,1,0.164,8,0.918,2304277,4056,89,0
2026-08-11T02:31:00,1,0.164,8,0.918,2304277,4059,89,0
2026-08-11T02:32:00,1,0.164,8,0.918,2304277,4062,89,0
2026-08-11T02:33:00,1,0.164,8,0.918,2304277,4062,89,0
2026-08-11T02:34:00,1,0.164,8,0.918,2304277,4065,89,0
2026-08-11T02:35:00,1,0.164,8,0.918,2304277,4065,88,0
2026-08-11T02:36:00,1,0.164,8,0.918,2304277,4059,89,0
2026-08-11T02:37:01,1,0.164,8,0.918,2304277,4065,89,0
2026-08-11T02:38:01,1,0.164,8,0.918,2304277,4062,88,0
2026-08-11T02:39:01,1,0.164,8,0.918,2304277,4065,89,0
2026-08-11T02:40:01,1,0.164,8,0.918,2304277,4062,89,0
2026-08-11T02:41:01,1,0.164,8,0.918,2304277,4068,88,0
2026-08-11T02:42:01,1,0.164,8,0.918,2304277,4056,88,0
2026-08-11T02:43:01,1,0.164,8,0.918,2304277,4062,88,0
2026-08-11T02:44:01,1,0.164,8,0.918,2304277,4062,88,0
2026-08-11T02:45:01,1,0.164,8,0.918,2304277,4059,88,0
2026-08-11T02:46:01,1,0.164,8,0.918,2304277,4056,88,0
2026-08-11T02:47:01,1,0.164,8,0.918,2304277,4056,88,0
2026-08-11T02:48:01,1,0.164,8,0.918,2304277,4056,88,0
2026-08-11T02:49:01,1,0.164,8,0.918,2304277,4056,89,0
2026-08-11T02:50:01,1,0.164,8,0.918,2304277,4059,89,0
2026-08-11T02:51:01,1,0.164,8,0.918,2304277,4059,88,0
2026-08-11T02:52:01,1,0.164,8,0.918,2304277,4059,88,0
2026-08-11T02:53:01,1,0.164,8,0.918,2304277,4065,89,0
2026-08-11T02:54:01,1,0.164,8,0.918,2304277,4059,88,0
2026-08-11T02:55:01,1,0.164,8,0.918,2304277,4059,88,0
2026-08-11T02:56:01,1,0.164,8,0.918,2304277,4056,88,0
2026-08-11T02:57:01,1,0.164,8,0.918,2304277,4056,88,0
2026-08-11T02:58:01,1,0.164,8,0.918,2304277,4059,89,0
2026-08-11T02:59:01,1,0.164,8,0.918,2304277,4056,88,0
2026-08-11T03:00:01,1,0.164,8,0.918,2304277,4050,88,0
2026-08-11T03:01:01,1,0.164,8,0.918,2304277,4053,88,0
2026-08-11T03:02:01,1,0.164,8,0.918,2304277,4056,88,0
2026-08-11T03:03:02,1,0.164,8,0.918,2304277,4053,88,0
2026-08-11T03:04:02,1,0.164,8,0.918,2304277,4047,88,0
2026-08-11T03:05:02,1,0.164,8,0.918,2304277,4062,88,0
2026-08-11T03:06:02,1,0.164,8,0.918,2304277,4056,88,0
2026-08-11T03:07:02,1,0.164,8,0.918,2304277,4056,88,0
2026-08-11T03:08:02,1,0.164,8,0.918,2304277,4056,88,0
2026-08-11T03:09:02,1,0.164,8,0.918,2304277,4056,88,0
2026-08-11T03:10:02,1,0.164,8,0.918,2304277,4056,88,0
2026-08-11T03:11:02,1,0.164,8,0.918,2304277,4062,89,0
2026-08-11T03:12:02,1,0.164,8,0.918,2304277,4056,88,0
2026-08-11T03:13:02,1,0.164,8,0.918,2304277,4053,88,0
2026-08-11T03:14:02,1,0.164,8,0.918,2304277,4056,89,0
2026-08-11T03:15:02,1,0.164,8,0.918,2304277,4053,89,0
2026-08-11T03:16:02,1,0.164,8,0.918,2304277,4056,88,0
2026-08-11T03:17:02,1,0.164,8,0.918,2304277,4053,88,0
2026-08-11T03:18:02,1,0.164,8,0.918,2304277,4056,88,0
2026-08-11T03:19:02,1,0.164,8,0.918,2304277,4056,88,0
2026-08-11T03:20:02,1,0.164,8,0.918,2304277,4053,88,0
2026-08-11T03:21:02,1,0.164,8,0.918,2304277,4062,88,0
2026-08-11T03:22:02,1,0.164,8,0.918,2304277,4056,88,0
2026-08-11T03:23:02,1,0.164,8,0.918,2304277,4056,88,0
2026-08-11T03:24:02,1,0.164,8,0.918,2304277,4053,89,0
2026-08-11T03:25:02,1,0.164,8,0.918,2304277,4056,88,0
2026-08-11T03:26:02,1,0.164,8,0.918,2304277,4062,88,0
2026-08-11T03:27:02,1,0.164,8,0.918,2304277,4056,88,0
2026-08-11T03:28:03,1,0.164,8,0.918,2304277,4056,88,0
2026-08-11T03:29:03,1,0.164,8,0.918,2304277,4050,88,0
2026-08-11T03:30:03,1,0.164,8,0.918,2304277,4056,88,0
2026-08-11T03:31:03,1,0.164,8,0.918,2304277,4056,88,0
2026-08-11T03:32:03,1,0.164,8,0.918,2304277,4059,88,0
2026-08-11T03:33:03,1,0.164,8,0.918,2304277,4053,87,0
2026-08-11T03:34:03,1,0.164,8,0.918,2320277,4053,87,0
2026-08-11T03:35:03,1,0.164,8,0.918,2320277,4050,88,0
2026-08-11T03:36:03,1,0.164,8,0.918,2320277,4053,88,0
2026-08-11T03:37:03,1,0.164,8,0.918,2320277,4050,88,0
2026-08-11T03:38:03,1,0.164,8,0.918,2320277,4053,88,0
2026-08-11T03:39:03,1,0.164,8,0.918,2320277,4047,88,0
2026-08-11T03:40:03,1,0.164,8,0.918,2320277,4053,88,0
2026-08-11T03:41:03,1,0.164,8,0.918,2320277,4050,88,0
2026-08-11T03:42:03,1,0.164,8,0.918,2320277,4053,88,0
2026-08-11T03:43:03,1,0.164,8,0.918,2320277,4050,87,0
2026-08-11T03:44:03,1,0.164,8,0.918,2320277,4056,88,0
2026-08-11T03:45:03,1,0.164,8,0.918,2320277,4053,88,0
2026-08-11T03:46:03,1,0.164,8,0.918,2320277,4056,88,0
2026-08-11T03:47:03,1,0.164,8,0.918,2320277,4050,87,0
2026-08-11T03:48:03,1,0.164,8,0.918,2320277,4053,88,0
2026-08-11T03:49:03,1,0.164,8,0.918,2320277,4056,88,0
2026-08-11T03:50:03,1,0.164,8,0.918,2320277,4050,88,0
2026-08-11T03:51:03,1,0.164,8,0.918,2320277,4053,87,0
2026-08-11T03:52:03,1,0.164,8,0.918,2320277,4053,88,0
2026-08-11T03:53:03,1,0.164,8,0.918,2320277,4053,88,0
2026-08-11T03:54:04,1,0.164,8,0.918,2320277,4053,88,0
2026-08-11T03:55:04,1,0.164,8,0.918,2320277,4053,88,0
2026-08-11T03:56:04,1,0.164,8,0.918,2320277,4047,87,0
2026-08-11T03:57:04,1,0.164,8,0.918,2320277,4050,87,0
2026-08-11T03:58:04,1,0.164,8,0.918,2320277,4053,87,0
2026-08-11T03:59:04,1,0.164,8,0.918,2320277,4053,88,0
2026-08-11T04:00:04,1,0.164,8,0.918,2320277,4050,88,0
2026-08-11T04:01:04,1,0.164,8,0.918,2320277,4056,88,0
2026-08-11T04:02:04,1,0.164,8,0.918,2320277,4053,88,0
2026-08-11T04:03:04,1,0.164,8,0.918,2320277,4053,88,0
2026-08-11T04:04:04,1,0.164,8,0.918,2320277,4062,88,0
2026-08-11T04:05:04,1,0.164,8,0.918,2320277,4056,88,0
2026-08-11T04:06:04,1,0.164,8,0.918,2320277,4062,88,0
2026-08-11T04:07:04,1,0.164,8,0.918,2320277,4053,88,0
2026-08-11T04:08:04,1,0.164,8,0.918,2320277,4053,88,0
2026-08-11T04:09:04,1,0.164,8,0.918,2320277,4053,88,0
2026-08-11T04:10:04,1,0.164,8,0.918,2320277,4053,87,0
2026-08-11T04:11:04,1,0.164,8,0.918,2320277,4047,86,0
2026-08-11T04:12:04,1,0.164,8,0.918,2320277,4053,88,0
2026-08-11T04:13:04,1,0.164,8,0.918,2320277,4053,88,0
2026-08-11T04:14:04,1,0.164,8,0.918,2320277,4056,88,0
2026-08-11T04:15:04,1,0.164,8,0.918,2320277,4050,87,0
2026-08-11T04:16:04,1,0.164,8,0.918,2320277,4047,88,0
2026-08-11T04:17:04,1,0.164,8,0.918,2320277,4050,88,0
2026-08-11T04:18:05,1,0.164,8,0.918,2320277,4056,88,0
2026-08-11T04:19:05,1,0.164,8,0.918,2320277,4056,88,0
2026-08-11T04:20:05,1,0.164,8,0.918,2320277,4062,88,0
2026-08-11T04:21:05,1,0.164,8,0.918,2320277,4056,88,0
2026-08-11T04:22:05,1,0.164,8,0.918,2320277,4056,88,0
2026-08-11T04:23:05,1,0.164,8,0.918,2320277,4050,87,0
2026-08-11T04:24:05,1,0.164,8,0.918,2320277,4053,88,0
2026-08-11T04:25:05,1,0.164,8,0.918,2320277,4056,88,0
2026-08-11T04:26:05,1,0.164,8,0.918,2320277,4053,88,0
2026-08-11T04:27:05,1,0.164,8,0.918,2320277,4053,88,0
2026-08-11T04:28:05,1,0.164,8,0.918,2320277,4056,88,0
2026-08-11T04:29:05,1,0.164,8,0.918,2320277,4053,88,0
2026-08-11T04:30:05,1,0.164,8,0.918,2320277,4053,87,0
2026-08-11T04:31:05,1,0.164,8,0.918,2320277,4056,88,0
2026-08-11T04:32:05,1,0.164,8,0.918,2320277,4050,88,0
2026-08-11T04:33:05,1,0.164,8,0.918,2320277,4044,88,0
2026-08-11T04:34:05,1,0.164,8,0.918,2320277,4053,88,0
2026-08-11T04:35:05,1,0.164,8,0.918,2320277,4053,87,0
2026-08-11T04:36:05,1,0.164,8,0.918,2320277,4053,88,0
2026-08-11T04:37:05,1,0.164,8,0.918,2320277,4062,88,0
2026-08-11T04:38:05,1,0.164,8,0.918,2320277,4059,88,0
2026-08-11T04:39:05,1,0.164,8,0.918,2320277,4056,88,0
2026-08-11T04:40:05,1,0.164,8,0.918,2320277,4056,88,0
2026-08-11T04:41:05,1,0.164,8,0.918,2320277,4056,88,0
2026-08-11T04:42:05,1,0.164,8,0.918,2320277,4050,88,0
2026-08-11T04:43:05,1,0.164,8,0.918,2320277,4050,88,0
2026-08-11T04:44:05,1,0.164,8,0.918,2320277,4053,88,0
2026-08-11T04:45:06,1,0.164,8,0.918,2320277,4056,88,0
2026-08-11T04:46:06,1,0.164,8,0.918,2320277,4053,87,0
2026-08-11T04:47:06,1,0.164,8,0.918,2320277,4050,88,0
2026-08-11T04:48:06,1,0.164,8,0.918,2320277,4053,87,0
2026-08-11T04:49:06,1,0.164,8,0.918,2320277,4047,88,0
2026-08-11T04:50:06,1,0.164,8,0.918,2320277,4062,87,0
2026-08-11T04:51:06,1,0.164,8,0.918,2320277,4047,88,0
2026-08-11T04:52:06,1,0.164,8,0.918,2320277,4047,87,0
2026-08-11T04:53:06,1,0.164,8,0.918,2320277,4056,88,0
2026-08-11T04:54:06,1,0.164,8,0.918,2320277,4053,88,0
2026-08-11T04:55:06,1,0.164,8,0.918,2320277,4047,88,0
2026-08-11T04:56:06,1,0.164,8,0.918,2320277,4053,88,0
2026-08-11T04:57:06,1,0.164,8,0.918,2320277,4053,88,0
2026-08-11T04:58:06,1,0.164,8,0.918,2320277,4059,88,0
2026-08-11T04:59:06,1,0.164,8,0.918,2320277,4056,88,0
2026-08-11T05:00:06,1,0.164,8,0.918,2320277,4053,88,0
2026-08-11T05:01:06,1,0.164,8,0.918,2320277,4056,88,0
2026-08-11T05:02:06,1,0.164,8,0.918,2320277,4056,88,0
2026-08-11T05:03:06,1,0.164,8,0.918,2320277,4056,88,0
2026-08-11T05:04:06,1,0.164,8,0.918,2320277,4053,87,0
2026-08-11T05:05:06,1,0.164,8,0.918,2320277,4047,88,0
2026-08-11T05:06:06,1,0.164,8,0.918,2320277,4053,88,0
2026-08-11T05:07:06,1,0.164,8,0.918,2320277,4053,88,0
2026-08-11T05:08:06,1,0.164,8,0.918,2320277,4053,88,0
2026-08-11T05:09:06,1,0.164,8,0.918,2320277,4056,87,0
2026-08-11T05:10:06,1,0.164,8,0.918,2320277,4050,87,0
2026-08-11T05:11:06,1,0.164,8,0.918,2320277,4056,88,0
2026-08-11T05:12:07,1,0.164,8,0.918,2320277,4053,87,0
2026-08-11T05:13:07,1,0.164,8,0.918,2320277,4050,88,0
2026-08-11T05:14:07,1,0.164,8,0.918,2320277,4047,88,0
2026-08-11T05:15:07,1,0.164,8,0.918,2320277,4056,88,0
2026-08-11T05:16:07,1,0.164,8,0.918,2320277,4053,87,0
2026-08-11T05:17:07,1,0.164,8,0.918,2320277,4059,88,0
2026-08-11T05:18:07,1,0.164,8,0.918,2320277,4053,87,0
2026-08-11T05:19:07,1,0.164,8,0.918,2320277,4056,88,0
2026-08-11T05:20:07,1,0.164,8,0.918,2320277,4053,87,0
2026-08-11T05:21:07,1,0.164,8,0.918,2320277,4053,88,0
2026-08-11T05:22:07,1,0.164,8,0.918,2320277,4050,88,0
2026-08-11T05:23:07,1,0.164,8,0.918,2320277,4047,88,0
2026-08-11T05:24:07,1,0.164,8,0.918,2320277,4050,88,0
2026-08-11T05:25:07,1,0.164,8,0.918,2320277,4050,87,0
2026-08-11T05:26:07,1,0.164,8,0.918,2320277,4050,87,0
2026-08-11T05:27:07,1,0.164,8,0.918,2320277,4056,88,0
2026-08-11T05:28:07,1,0.164,8,0.918,2320277,4056,88,0
2026-08-11T05:29:07,1,0.164,8,0.918,2320277,4053,88,0
2026-08-11T05:30:07,1,0.164,8,0.918,2320277,4053,87,0
2026-08-11T05:31:07,1,0.164,8,0.918,2320277,4056,87,0
2026-08-11T05:32:07,1,0.164,8,0.918,2320277,4062,88,0
2026-08-11T05:33:07,1,0.164,8,0.918,2320277,4053,88,0
2026-08-11T05:34:07,1,0.164,8,0.918,2320277,4056,88,0
2026-08-11T05:35:07,1,0.164,8,0.918,2320277,4047,87,0
2026-08-11T05:36:07,1,0.164,8,0.918,2320277,4050,87,0
2026-08-11T05:37:07,1,0.164,8,0.918,2320277,4053,88,0
2026-08-11T05:38:08,1,0.164,8,0.918,2320277,4053,86,0
2026-08-11T05:39:08,1,0.164,8,0.918,2320277,4047,88,0
2026-08-11T05:40:08,1,0.164,8,0.918,2320277,4047,88,0
2026-08-11T05:41:08,1,0.164,8,0.918,2320277,4047,87,0
2026-08-11T05:42:08,1,0.164,8,0.918,2320277,4053,86,0
2026-08-11T05:43:08,1,0.164,8,0.918,2320277,4056,87,0
2026-08-11T05:44:08,1,0.164,8,0.918,2320277,4047,88,0
2026-08-11T05:45:08,1,0.164,8,0.918,2320277,4047,87,0
2026-08-11T05:46:08,1,0.164,8,0.918,2320277,4056,88,0
2026-08-11T05:47:08,1,0.164,8,0.918,2320277,4062,87,0
2026-08-11T05:48:08,1,0.164,8,0.918,2320277,4053,87,0
2026-08-11T05:49:08,1,0.164,8,0.918,2320277,4047,88,0
2026-08-11T05:50:08,1,0.164,8,0.918,2320277,4053,88,0
2026-08-11T05:51:08,1,0.164,8,0.918,2320277,4047,88,0
2026-08-11T05:52:08,1,0.164,8,0.918,2320277,4056,88,0
2026-08-11T05:53:08,1,0.164,8,0.918,2320277,4056,88,0
2026-08-11T05:54:08,1,0.164,8,0.918,2320277,4053,88,0
2026-08-11T05:55:08,1,0.164,8,0.918,2320277,4056,87,0
2026-08-11T05:56:08,1,0.164,8,0.918,2320277,4047,88,0
2026-08-11T05:57:08,1,0.164,8,0.918,2320277,4053,88,0
2026-08-11T05:58:08,1,0.164,8,0.918,2320277,4053,88,0
2026-08-11T05:59:08,1,0.164,8,0.918,2320277,4056,88,0
2026-08-11T06:00:08,1,0.164,8,0.918,2320277,4053,88,0
2026-08-11T06:01:08,1,0.164,8,0.918,2320277,4047,88,0
2026-08-11T06:02:08,1,0.164,8,0.918,2320277,4047,88,0
2026-08-11T06:03:09,1,0.164,8,0.918,2320277,4050,88,0
2026-08-11T06:04:09,1,0.164,8,0.918,2320277,4047,88,0
2026-08-11T06:05:09,1,0.164,8,0.918,2320277,4050,88,0
2026-08-11T06:06:09,1,0.164,8,0.918,2320277,4053,88,0
2026-08-11T06:07:09,1,0.164,8,0.918,2320277,4056,88,0
2026-08-11T06:08:09,1,0.164,8,0.918,2320277,4047,87,0
2026-08-11T06:09:09,1,0.164,8,0.918,2320277,4056,88,0
2026-08-11T06:10:09,1,0.164,8,0.918,2320277,4047,88,0
2026-08-11T06:11:09,1,0.164,8,0.918,2320277,4047,87,0
2026-08-11T06:12:09,1,0.164,8,0.918,2320277,4053,87,0
2026-08-11T06:13:09,1,0.164,8,0.918,2320277,4050,88,0
2026-08-11T06:14:09,1,0.164,8,0.918,2320277,4050,87,0
2026-08-11T06:15:09,1,0.164,8,0.918,2320277,4056,87,0
2026-08-11T06:16:09,1,0.164,8,0.918,2320277,4047,87,0
2026-08-11T06:17:09,1,0.164,8,0.918,2320277,4047,88,0
2026-08-11T06:18:09,1,0.164,8,0.918,2320277,4050,88,0
2026-08-11T06:19:09,1,0.164,8,0.918,2320277,4053,88,0
2026-08-11T06:20:09,1,0.164,8,0.918,2320277,4053,88,0
2026-08-11T06:21:09,1,0.164,8,0.918,2320277,4053,88,0
2026-08-11T06:22:09,1,0.164,8,0.918,2320277,4053,88,0
2026-08-11T06:23:09,1,0.164,8,0.918,2320277,4056,88,0
2026-08-11T06:24:09,1,0.164,8,0.918,2320277,4047,88,0
2026-08-11T06:25:09,1,0.164,8,0.918,2320277,4053,88,0
2026-08-11T06:26:09,1,0.164,8,0.918,2320277,4050,88,0
2026-08-11T06:27:09,1,0.164,8,0.918,2320277,4053,88,0
2026-08-11T06:28:09,1,0.164,8,0.918,2320277,4053,88,0
2026-08-11T06:29:09,1,0.164,8,0.918,2320277,4050,88,0
2026-08-11T06:30:09,1,0.164,8,0.918,2320277,4047,87,0
2026-08-11T06:31:10,1,0.164,8,0.918,2320277,4047,87,0
2026-08-11T06:32:10,1,0.164,8,0.918,2320277,4050,88,0
2026-08-11T06:33:10,1,0.164,8,0.918,2320277,4050,86,0
2026-08-11T06:34:10,1,0.164,8,0.918,2320277,4053,87,0
2026-08-11T06:35:10,1,0.164,8,0.918,2320277,4041,87,0
2026-08-11T06:36:10,1,0.164,8,0.918,2320277,4047,87,0
2026-08-11T06:37:10,1,0.164,8,0.918,2320277,4050,88,0
2026-08-11T06:38:10,1,0.164,8,0.918,2320277,4047,87,0
2026-08-11T06:39:10,1,0.164,8,0.918,2320277,4050,88,0
2026-08-11T06:40:10,1,0.164,8,0.918,2320277,4053,88,0
2026-08-11T06:41:10,1,0.164,8,0.918,2320277,4056,88,0
2026-08-11T06:42:10,1,0.164,8,0.918,2320277,4050,87,0
2026-08-11T06:43:10,1,0.164,8,0.918,2320277,4047,87,0
2026-08-11T06:44:10,1,0.164,8,0.918,2320277,4047,87,0
2026-08-11T06:45:10,1,0.164,8,0.918,2320277,4050,88,0
2026-08-11T06:46:10,1,0.164,8,0.918,2320277,4050,86,0
2026-08-11T06:47:10,1,0.164,8,0.918,2320277,4053,86,0
2026-08-11T06:48:10,1,0.164,8,0.918,2320277,4047,86,0
2026-08-11T06:49:10,1,0.164,8,0.918,2320277,4053,87,0
2026-08-11T06:50:10,1,0.164,8,0.918,2320277,4050,86,0
2026-08-11T06:51:10,1,0.164,8,0.918,2320277,4053,88,0
2026-08-11T06:52:10,1,0.164,8,0.918,2320277,4047,88,0
2026-08-11T06:53:10,1,0.164,8,0.918,2320277,4038,87,0
2026-08-11T06:54:10,1,0.164,8,0.918,2320277,4047,86,0
2026-08-11T06:55:10,1,0.164,8,0.918,2320277,4044,86,0
2026-08-11T06:56:10,1,0.164,8,0.918,2320277,4047,87,0
2026-08-11T06:57:10,1,0.164,8,0.918,2320277,4050,88,0
2026-08-11T06:58:11,1,0.164,8,0.918,2320277,4047,86,0
2026-08-11T06:59:11,1,0.164,8,0.918,2320277,4053,87,0
2026-08-11T07:00:11,1,0.164,8,0.918,2320277,4050,88,0
2026-08-11T07:01:11,1,0.164,8,0.918,2320277,4047,88,0
2026-08-11T07:02:11,1,0.164,8,0.918,2320277,4053,88,0
2026-08-11T07:03:11,1,0.164,8,0.918,2320277,4053,88,0
2026-08-11T07:04:11,1,0.164,8,0.918,2320277,4047,88,0
2026-08-11T07:05:11,1,0.164,8,0.918,2320277,4056,87,0
2026-08-11T07:06:11,1,0.164,8,0.918,2320277,4047,88,0
2026-08-11T07:07:11,1,0.164,8,0.918,2320277,4056,88,0
2026-08-11T07:08:11,1,0.164,8,0.918,2320277,4050,88,0
2026-08-11T07:09:11,1,0.164,8,0.918,2320277,4047,87,0
2026-08-11T07:10:11,1,0.164,8,0.918,2320277,4053,88,0
2026-08-11T07:11:11,1,0.164,8,0.918,2325189,4053,88,0
2026-08-11T07:12:11,1,0.164,8,0.918,2336277,4044,86,0
2026-08-11T07:13:11,1,0.164,8,0.918,2336277,4050,86,0
2026-08-11T07:14:11,1,0.164,8,0.918,2336277,4047,86,0
2026-08-11T07:15:11,1,0.164,8,0.918,2336277,4053,88,0
2026-08-11T07:16:11,1,0.164,8,0.918,2336277,4047,87,0
2026-08-11T07:17:11,1,0.164,8,0.918,2336277,4047,88,0
2026-08-11T07:18:11,1,0.164,8,0.918,2336277,4044,87,0
2026-08-11T07:19:11,1,0.164,8,0.918,2336277,4053,87,0
2026-08-11T07:20:11,1,0.164,8,0.918,2336277,4047,87,0
2026-08-11T07:21:11,1,0.164,8,0.918,2352165,4056,87,0
2026-08-11T07:22:11,1,0.164,8,0.918,2357429,4047,87,0
2026-08-11T07:23:11,1,0.164,8,0.918,2391541,4044,86,0
2026-08-11T07:24:12,1,0.164,8,0.918,2426853,4044,86,0
2026-08-11T07:25:12,1,0.164,8,0.918,2455621,4044,87,0
2026-08-11T07:26:12,1,0.164,8,0.918,2455621,4041,86,0
2026-08-11T07:27:12,1,0.164,8,0.918,2455621,4047,87,0
2026-08-11T07:28:12,1,0.164,8,0.918,2455621,4047,87,0
2026-08-11T07:29:12,1,0.164,8,0.918,2455621,4047,88,0
2026-08-11T07:30:12,1,0.164,8,0.918,2455621,4053,87,0
2026-08-11T07:31:12,1,0.164,8,0.918,2455621,4047,87,0
2026-08-11T07:32:12,1,0.164,8,0.918,2455621,4044,86,0
2026-08-11T07:33:12,1,0.164,8,0.918,2455621,4047,88,0
2026-08-11T07:34:12,1,0.164,8,0.918,2455621,4053,87,0
2026-08-11T07:50:12,1,0.164,8,0.918,2455621,4050,86,0
2026-08-11T08:23:18,1,0.164,8,0.918,2480005,4053,87,0
2026-08-11T08:24:18,1,0.164,8,0.918,2481061,4047,87,0
2026-08-11T08:25:18,1,0.164,8,0.918,2481061,4050,87,0
2026-08-11T08:26:18,1,0.164,8,0.918,2481061,4047,88,0
2026-08-11T08:27:18,1,0.164,8,0.918,2481061,4047,87,0
2026-08-11T08:28:18,1,0.164,8,0.918,2481061,4047,86,0
2026-08-11T08:29:18,1,0.164,8,0.918,2481061,4047,86,0
2026-08-11T08:30:18,1,0.164,8,0.918,2481061,4050,87,0
2026-08-11T08:31:18,1,0.164,8,0.918,2481061,4047,87,0
2026-08-11T08:32:18,1,0.164,8,0.918,2504197,4053,86,0
2026-08-11T08:33:18,1,0.164,8,0.918,2504197,4047,88,0
2026-08-11T08:34:18,1,0.164,8,0.918,2504197,4047,87,0
2026-08-11T08:35:18,1,0.164,8,0.918,2504197,4050,87,0
2026-08-11T08:36:19,1,0.164,8,0.918,2504197,4047,88,0
2026-08-11T08:37:19,1,0.164,8,0.918,2504197,4056,87,0
2026-08-11T08:38:19,1,0.164,8,0.918,2504197,4044,87,0
2026-08-11T08:39:19,1,0.164,8,0.918,2515525,4047,86,0
2026-08-11T08:40:19,1,0.164,8,0.918,2563557,4044,87,0
2026-08-11T08:41:19,1,0.164,8,0.918,2611605,4044,87,0
2026-08-11T08:42:19,1,0.164,8,0.918,2632565,4044,86,0
2026-08-11T08:43:19,1,0.164,8,0.918,2648613,4047,87,0
2026-08-11T08:44:19,1,0.164,8,0.918,2677493,4047,86,0
2026-08-11T08:45:19,1,0.164,8,0.918,2680629,4044,85,0
2026-08-11T08:46:19,1,0.164,8,0.918,2680629,4053,86,0
2026-08-11T08:47:19,1,0.164,8,0.918,2680869,4047,86,0
2026-08-11T08:48:19,2,0.164,9,0.918,2728901,4044,86,0
2026-08-11T08:49:19,2,0.164,9,0.918,2764085,4035,86,0
